Cidade,Endereço,Bandeira,Serviços
Gasfort Gramado,Rua Borges de Medeiros 123 - Gramado/RS,Gasfort,Combustível;Conveniência;Troca de Óleo
Gasfort Porto Alegre,Av. Protásio Alves 2456 - Porto Alegre/RS,Charrua,Combustível;Lava-Rápido;Conveniência
Gasfort Taquara,Rua 7 de Setembro 789 - Taquara/RS,Ipiranga,Combustível;Conveniência;Cafeteria
Gasfort Guaíba,Av. Borges de Medeiros 456 - Guaíba/RS,Gasfort,Combustível;Troca de Óleo;Lava-Rápido
Gasfort Capão do Leão,Rua Gen. Osório 321 - Capão do Leão/RS,Santa Lúcia,Combustível;Conveniência
Gasfort Rio Grande,Av. Pres. Castelo Branco 654 - Rio Grande/RS,Gasfort,Combustível;Posto de Abastecimento
Gasfort Sapiranga,Rua Dois de Novembro 99 - Sapiranga/RS,Charrua,Combustível;Conveniência
Gasfort Parobé,Av. Feuerhahn 777 - Parobé/RS,Ipiranga,Combustível;Cafeteria;Conveniência
Gasfort Canela,Rua João Petry 234 - Canela/RS,Gasfort,Combustível;Troca de Óleo
Gasfort Pelotas,Av. Gen. Neto 1020 - Pelotas/RS,Santa Lúcia,Combustível;Conveniência
Gasfort Santo Antônio da Patrulha,Rua João Corrêa 88 - Santo Antônio da Patrulha/RS,Gasfort,Combustível;Lava-Rápido
Gasfort Dom Feliciano,Av. Nossa Senhora do Carmo 321 - Dom Feliciano/RS,Gasfort,Combustível;Conveniência
